count,p50_ms,p90_ms,p95_ms,p99_ms,min_ms,max_ms,mean_ms
864,976.9611865049228,11807.539434394863,20010.338036298344,20094.618837350718,15.339985999162309,20139.74727501045,5310.332237681972
